user_input,retrieved_contexts,response,reference,faithfulness,answer_relevancy,context_precision
삼성전자의 2025년 3분기말(당분기말) 연결재무상태표 기준 유동자산 총계는 얼마인가요?,"['[문서 출처: [삼성전자]_[2026년도공시]_20260310002820_00761.xml]\n|:--------------------------------------------|:--------------------------------------------|:--------------------------------------------|:--------------------------------------------|:--------------------------------------------|:--------------------------------------------|:--------------------------------------------|\n| Ⅰ. 요약 재무정보(연결재무제표 기준)         | Ⅰ. 요약 재무정보(연결재무제표 기준)         | Ⅰ. 요약 재무정보(연결재무제표 기준)         | Ⅰ. 요약 재무정보(연결재무제표 기준)         | Ⅰ. 요약 재무정보(연결재무제표 기준)         | Ⅰ. 요약 재무정보(연결재무제표 기준)         | Ⅰ. 요약 재무정보(연결재무제표 기준)         ', '[문서 출처: [삼성전자]_[2026년도공시]_20260310002820_00761.xml]\n| Ⅰ. 요약 재무정보(연결재무제표 기준)         | Ⅰ. 요약 재무정보(연결재무제표 기준)         | Ⅰ. 요약 재무정보(연결재무제표 기준)         | Ⅰ. 요약 재무정보(연결재무제표 기준)         | Ⅰ. 요약 재무정보(연결재무제표 기준)         | Ⅰ. 요약 재무정보(연결재무제표 기준)         |\n| 요약 재무상태표:                            | 요약 재무상태표:                            | 요약 재무상태표:                            | 요약 재무상태표:                            | 요약 재무상태표:                            | 요약 재무상태표:                            |\n| 유동자산                                    | 5891746                                     | 9003787                     ', ""[문서 출처: [삼성전자]_[2026년도공시]_20260310002820_00761.xml]\n|:----------------|\n| (단위 : 백만원) | | ('구 분', '구 분')                          | ('삼성코닝어드밴스드글라스(유)', '당기')    | ('삼성코닝어드밴스드글라스(유)', '전기')    |\n|:--------------------------------------------|:--------------------------------------------|:--------------------------------------------|\n| Ⅰ. 요약 재무정보                            | Ⅰ. 요약 재무정보                            | Ⅰ. 요약 재무정보                            |\n| 요약 재무상태표:                            | 요약 재무상태표:                            | 요약 재무상태표:                            |\n| 유동자산                    ""]","삼성전자의 2025년 3분기말(당분기말) 연결재무상태표 기준 유동자산 총계는 9,405,729백만원 입니다.","229,440,881 백만 원입니다.",0.0,0.9013482113794069,0.0
SK하이닉스의 2025년 3분기 누적 연결포괄손익계산서 상 매출원가는 얼마인가요?,"['[문서 출처: [SK하이닉스]_[2025년도공시]_20251114001805.xml]\n|:---------------|\n| (단위: 백만원) | | 0          | 1                          | 2                          | 3                 | 4                          | 5                    |\n|:-----------|:---------------------------|:---------------------------|:------------------|:---------------------------|:---------------------|\n| 구분       | 제78기 3분기(2025년 3분기) | 제78기 2분기(2025년 2분기) | 전분기대비 증감율 | 제77기 3분기(2024년 3분기) | 전년 동기대비 증감율 |\n| 매출액     | 24448929                   | 22231952                   | 10.0%             | 17573069                   | 39.1%', ""[문서 출처: [SK하이닉스]_[2025년도공시]_20251114001805.xml]\n|              |                    |              |\n|              |                    |              |\n|              |                    |              |\n|              |                    |              |\n|              |                    |              |\n|              |                    |              | 2-2. 연결 포괄손익계산서 연결 포괄손익계산서 제 78 기 3분기 2025.01.01 부터 2025.09.30 까지 제 77 기 3분기 2024.01.01 부터 2024.09.30 까지 (단위 : 백만원) | ('Unnamed: 0_level_0', 'Unnamed: 0_level_1')   | ('제 78 기 3분기', '3개월')   | ('제 78 기 3분기', '누적')   | ('제 77 기 3분기', '"", '[문서 출처: [SK하이닉스]_[2026년도공시]_20260317000635.xml]\n|:-----------------|\n| (단위: 백만 USD) | | 0             | 1      | 2      | 3      | 4      | 5      |\n|:--------------|:-------|:-------|:-------|:-------|:-------|\n| 구분          | 2025   | 2024   | 2023   | 2022   | 2021   |\n| 총수출        | 709330 | 683609 | 632226 | 683585 | 644400 |\n| 반도체        | 173406 | 141920 | 98630  | 129229 | 127980 |\n| 전년비 증감률 | 22.2%  | 43.9%  | -23.7% | 1.0%   | 29.0%  |']",해당 공시 자료에는 SK하이닉스의 2025년 3분기 누적 연결포괄손익계산서 상 매출원가 정보가 없습니다.,"28,205,607 백만 원입니다.",0.0,0.8527840212497533,0.0
현대자동차의 2025년 3분기 누적 연결손익계산서 기준 매출액은 얼마인가요?,"['[문서 출처: [현대차]_[2026년도공시]_20260318001394_00760.xml]\n|:-----------------------------------------------|:-----------------------------------------------|\n| 제58기 2025년 1월 1일부터 2025년 12월 31일까지 | 제58기 2025년 1월 1일부터 2025년 12월 31일까지 |\n| 제57기 2024년 1월 1일부터 2024년 12월 31일까지 | 제57기 2024년 1월 1일부터 2024년 12월 31일까지 |\n|                                                |                                                |\n| 현대자동차주식회사                             | (단위 : 백만원)                                | | 과 목                                     | 자 본 금   | 자본잉여금   | 기타자본항목   | 기타포괄손익누계액   | 이 익잉여금   | 총 계       |', '[문서 출처: [현대차]_[2026년도공시]_20260318001394.xml]\n| 비지배지분             | 918788    | 703217    | 215571      | 당사의 2025년 연결 매출액은 전년대비 6.3% 증가한 186조 2,545억원을 기록하였습니다. 영업이익은 19.5% 감소한 11조 4,679억원을 기록하였으며, 영업이익율은 6.2%로 전년대비 1.9% 포인트 감소하였습니다.(아래의 부문별 매출액은 외부고객으로부터의 매출액이며, 차량부문의 영업이익은 내부거래조정과 관련된 영업이익을 포함한 금액입니다.) [차량부문] 자동차 믹스개선 및 우호적 환율효과 등으로 매출액이 전년대비 6.5% 증가한 145조 6,318억원을 기록하였습니다.영업이익은 북미 관세영향 및 인센티브 증가 등으로 전년대비 25.8% 감소한 8조 4,709억원을 기록하였습니다. [금융부문] 금융사 매출액은 전년대비 6.3% 증가한 30조 2,328억원을 기록하였습니다.영업이익은 취급 자산 증가 등으로 전년대비 20.5% 증가한 2조 1,640억원을 기록하였습니다. [기타부문] 기타부문의 매출액은 전년대비 3.3% 증가한 10조 3,899억원을 기록하였으며, ', '[문서 출처: [현대차]_[2025년도공시]_20250814003906.xml]\n| 금융부문 | 할부금융, 리스,신용카드 | 영업이익   | 1223971               | 16.9                  | 1795249        | 12.6           | 1385538        | 9.2            |\n| 금융부문 | 할부금융, 리스,신용카드 | 내부매출액 | (131,365)             | 0.3                   | (384,830)      | 0.4            | (287,623)      | 0.3            | ※ 매출액은 외부고객으로부터의 매출액을 의미함 ▣ 현대캐피탈현대캐피탈은 2025년 6월말 현재 약 39.7조원의 자산을 보유하고 있는 국내 최대의 자동차금융회사입니다. 현대자동차그룹의 유일한 전속금융사로서 긴밀한 협력체제를 바탕으로 자동차금융 중심 시장지위를 선도하고 있습니다. 또한 자동차금융 이용 우량고객을 중심으로 하는 개인신용대출 및 주택담보대출 상품도 엄격한 자산건전성 관리 아래 안정적인 영업을 영위하고 있습니다. | 0               ']","현대자동차의 2025년 3분기 누적 연결손익계산서 기준 매출액은 186조 2,545억원입니다.","139,415,886 백만 원입니다.",0.0,0.8856152843992128,0.49999999995
LG에너지솔루션의 2025년 당분기말 기준 연결재무상태표 상 현금및현금성자산의 잔액은 얼마인가요?,"['[문서 출처: [LG에너지솔루션]_[2026년도공시]_20260312000217_00761.xml]\n| Ⅵ. 현금및현금성자산의 환율변동효과      |        |              | 43670          |              | 402170         |\n| Ⅶ. 당기말 현금및현금성자산(Ⅳ+Ⅴ+Ⅵ)       |        |              | 3779307        |              | 3898711        | | 0                                         |\n|:------------------------------------------|\n| 별첨 주석은 본 연결재무제표의 일부입니다. | 주석 | 0                                                 |\n|:--------------------------------------------------|\n| 제 6 기 2025년 1월 1일 부터 2025년 12월 31일 까지 |\n| 제 5 기 2024년 1월 1일 부터 2024년 12월 31일 까지 |', '[문서 출처: [LG화학]_[2025년도공시]_20251114001374.xml]\n| LG에너지솔루션       |                        1468141 | 92.1%                         |                   575387 | 65.8%                   |                  2163234 | 86.6%                   |\n| 공통 및 기타부문     |                         -63944 | -4.0%                         |                  -143263 | -16.4%                  |                  -103596 | -4.1%                   |\n| 합계                 |                        1594164 | 100.0%                        |                   874927 | 100.0%                  |                  2497801 | 100.0% ', '[문서 출처: [LG화학]_[2025년도공시]_20250814003066.xml]\n| LG에너지솔루션       |                        866832 | 94.8%                        |                   575387 | 65.8%                   |                  2163234 | 86.6%                   |\n| 공통 및 기타부문     |                         -5340 | -0.6%                        |                  -143263 | -16.4%                  |                  -103596 | -4.1%                   |\n| 합계                 |                        914450 | 100.0%                       |                   874927 | 100.0%                  |                  2497801 | 100.0%       ']","LG에너지솔루션의 2025년 당분기말 기준 연결재무상태표 상 현금및현금성자산의 잔액은 2,496,801백만원입니다.","5,323,792 백만 원입니다.",1.0,0.8769189973806522,0.9999999999
삼성바이오로직스의 2025년 3분기 누적 연결포괄손익계산서 기준 영업이익은 얼마인가요?,"['[문서 출처: [삼성바이오로직스]_[2025년도공시]_20251114001632.xml]\n| [자본금]                                | 177935                 | 177935           | 177935           |\n| [자본잉여금]                            | 5672425                | 5672425          | 5672425          |\n| [기타포괄손익누계액]                    | (20,863)               | (19,323)         | (10,616)         |\n| [이익잉여금]                            | 4599536                | 3449856          | 2398890          |\n| 자본총계                                | 10429033               | 9280893          | 8238634          |\n| 종속ㆍ관계ㆍ공동기업투자주식의 평가방법 | 원가법             ', '[문서 출처: [삼성바이오로직스]_[2025년도공시]_20250814004457.xml]\n| [자본금]                                | 177935                | 177935           | 177935           |\n| [자본잉여금]                            | 5672425               | 5672425          | 5672425          |\n| [기타포괄손익누계액]                    | (20,343)              | (19,323)         | (10,616)         |\n| [이익잉여금]                            | 4103060               | 3449856          | 2398890          |\n| 자본총계                                | 9933077               | 9280893          | 8238634          |\n| 종속ㆍ관계ㆍ공동기업투자주식의 평가방법 | 원가법                | ', '[문서 출처: [삼성바이오로직스]_[2026년도공시]_20260312001119.xml]\n| 기간                                    | 2025년 1월~12월  | 2024년 1월~12월  | 2023년 1월~12월  |\n| 매출액                                  | 4556972          | 3497146          | 2938756          |\n| 영업이익                                | 2068093          | 1321426          | 1204188          |\n| 법인세비용차감전이익                    | 2078977          | 1402378          | 1224183          |\n| 당기순이익                              | 1586187          | 1050967          | 945920           |\n| 기본주당순이익 (원)                     | 34266            | 14766            | 1329']",삼성바이오로직스의 2025년 3분기 누적 연결포괄손익계산서 기준 영업이익은 1540163원입니다.,"1,691,136,537,002 백만 원입니다.",0.0,0.8830164405433872,0.0
NAVER의 2025년 3분기 누적 연결포괄손익계산서 기준 영업수익(매출액)은 얼마인가요?,"[""[문서 출처: [NAVER]_[2026년도공시]_20260313001021.xml]\n|:---------------|\n| (단위: 십억원) | | ('구 분', '구 분')   | ('연결', '제27기')   | ('연결', '제26기')   | ('연결', '증(감)률')   | ('연결', '영업비비중')   |\n|:---------------------|:---------------------|:---------------------|:-----------------------|:-------------------------|\n| 영업수익             | 12035.0              | 10737.7              | 12.1%                  | -                        |\n| 영업비용             | 9826.9               | 8758.5               | 12.2%                  | 100.0%                   |\n| 개발/운영            | 2896.0               | 2664.4          "", ""[문서 출처: [NAVER]_[2026년도공시]_20260313001021.xml]\n| 영업이익             | 2208.1               | 1979.3               | 11.6%                  | -                        |\n| 영업이익률(%)        | 18.3%                | 18.4%                | -0.1%p                 | -                        | 영업비용을 항목별로 나누어보면, 개발/운영비는 신규 채용에 따른 인원 증가 등으로 8.7% 상승하였고, 파트너비의 경우, 매출 증가의 영향 등으로 전년 대비 10.8% 상승하였습니다. 인프라비의 경우, AI 관련 신규 자산 취득 등으로 인하여 전년 대비 15.1% 증가하였으며, 마케팅비는 커머스, 핀테크와 웹툰 부문에서의 전략적 마케팅 집행으로 전년 대비 20.1% 증가하였습니다.- 부문별 영업실적 분석 | 0              |\n|:---------------|\n| (단위: 십억원) | | ('사업부문', '사업부문')   |   ('연결', '제27"", '[문서 출처: [NAVER]_[2026년도공시]_20260313001021.xml]\n|:-----------------------------------------------------------------------------------------------------------------------------------------------------------------------------------------------------------------------------------------------------------------------------------------------------------------------------------------------------------------------------------------------------------------------------------------------------------------------------------------------------------------------------------------------------------------------']","해당 공시 자료에는 2025년 3분기 누적 연결 포괄 손익계산서가 포함되어 있지 않습니다. 

하지만, NAVER의 제 27기(2026년) 영업수익(매출액)은  12035.0십억 원이며, 제 26기(2025년) 영업수익(매출액)은 10737.7십억 원이라는 것을 알 수 있습니다.","8,839,922,977,621 백만 원입니다.",0.6666666666666666,0.0,0.0
POSCO홀딩스의 2025년 3분기말 연결재무상태표 기준 자산총계는 얼마인가요?,"['[문서 출처: [POSCO홀딩스]_[2026년도공시]_20260311004517.xml]\n| 합계                                                       | 합계                                                       | 합계                                                       | 13624433     | 14143500 | 13825514 |\n| 총자산대비 재고자산 구성비율(%)[재고자산÷기말자산총계×100] | 총자산대비 재고자산 구성비율(%)[재고자산÷기말자산총계×100] | 총자산대비 재고자산 구성비율(%)[재고자산÷기말자산총계×100] | 12.95%       | 13.68%   | 13.75%   |\n| 재고자산회전율(회수)[연 매출원가÷{(기초재고＋기말재고)÷2}] | 재고자산회전율(회수)[연 매출원가÷{(기초재고＋기말재고)÷2}] | 재고자산회전율(회수)[연 매출원가÷{(기초재고＋기말재고)÷2}] | 4.60         | 4.82     | 4.78     | (2) 재고자산의 실사내역 등1) 실사일자포스코홀딩', '[문서 출처: [POSCO홀딩스]_[2026년도공시]_20260311004517.xml]\n| 합 계                            | 합 계                                  | 합 계                                              | 합 계                                  | 합 계                                              |                                |                                    |                                 593014 |                                        | (467,796)                              | 20666                                    |                                |                                    | 145884                       ', ""[문서 출처: [POSCO홀딩스]_[2025년도공시]_20250814003981.xml]\n|:-------------------------------------------|\n| [합병이 완료된 직후의 추정 요약재무상태표] |\n| (단위: 백만원)                             | | ('구분', '구분')         | ('주식회사 포스코인터내셔널', '(①)')   | ('포스코에너지 주식회사', '(②)')   | ('단순합계', '(③=①+②)')   |\n|:-------------------------|:---------------------------------------|:-----------------------------------|:--------------------------|\n| 자산총계                 | 10887437                               | 4200907                            | 15088344                  |\n| 유동자산                 | 6906912                             ""]","POSCO홀딩스의 2025년 3분기말 연결재무상태표 기준 자산총계는 10,887,437백만원입니다.","102,601,593,423,075 백만 원입니다.",0.0,0.9016916268922383,0.49999999995
기아의 2025년 3분기 연결손익계산서 기준 누적 매출원가는 얼마인가요?,"['[문서 출처: [삼성바이오로직스]_[2025년도공시]_20251114001632.xml]\n| 2023년도(제13기)       | 미수수익        |      21215 | -            | 0.0%               |\n| 2023년도(제13기)       | 계약자산-미청구 |      28335 | 3543         | 12.5%              |\n| 2023년도(제13기)       | 합 계           |     763122 | 48926        | 6.4%               | ※ 한국채택국제회계기준에 따라 연결기준으로 작성되었습니다. (2) 연결실체의 대손충당금 변동현황 | 0               |\n|:----------------|\n| (단위 : 백만원) | | 구 분      | 2025년도 (제15기 3분기)   | 2024년도 (제14기)   | 2023년도 (제13기)   |\n|:-----------|:--------------------------|:--------------------|:--------------------|\n| 기초       | 39754        ', ""[문서 출처: [기아]_[2025년도공시]_20250814003814.xml]\n|              |                   |              |\n|              |                   |              |\n|              |                   |              |\n|              |                   |              | 2-2. 연결 손익계산서 연결 손익계산서 제 82 기 반기 2025.01.01 부터 2025.06.30 까지 제 81 기 반기 2024.01.01 부터 2024.06.30 까지 (단위 : 백만원) | ('Unnamed: 0_level_0', 'Unnamed: 0_level_1')   | ('제 82 기 반기', '3개월')   | ('제 82 기 반기', '누적')   | ('제 81 기 반기', '3개월')   | ('제 81 기 반기', '누적')   |\n|:-----------------------------------------------|:-----------------------------|:-------"", ""[문서 출처: [삼성전자]_[2025년도공시]_20250814003156.xml]\n|              |                   |              |\n|              |                   |              |\n|              |                   |              |\n|              |                   |              | 2-2. 연결 손익계산서 연결 손익계산서 제 57 기 반기 2025.01.01 부터 2025.06.30 까지 제 56 기 반기 2024.01.01 부터 2024.06.30 까지 (단위 : 백만원) | ('Unnamed: 0_level_0', 'Unnamed: 0_level_1')   | ('제 57 기 반기', '3개월')   | ('제 57 기 반기', '누적')   | ('제 56 기 반기', '3개월')   | ('제 56 기 반기', '누적')   |\n|:-----------------------------------------------|:-----------------------------|:-----""]",해당 문서에는 기아의 2025년 3분기 연결손익계산서 정보가 포함되어 있지 않습니다. 따라서 사용자님의 질문에 대한 답변을 제공할 수 없습니다.,"68,688,023 백만 원입니다.",0.0,0.0,0.0
LG화학의 2025년 3분기말 연결재무상태표 기준 자본총계는 얼마인가요?,"['[문서 출처: [LG화학]_[2025년도공시]_20250814003066.xml]\n| 제1차                      | 2025.02.03                             | 보고사항- 2024년 4분기 경영실적 보고               | -                                      | -                                                                                 | -                                                                                 | -                                                                                 | -                                                                                 | -                                                                  ', '[문서 출처: [LG에너지솔루션]_[2026년도공시]_20260312000217.xml]\n|                        |                                    |                                       |                                          |                                             |                                    |                                       | 주1) 2019년 3월 15일 신학철 사내이사가 대표이사로 신규 선임되었으며, 2022년 3월 23일 재선임 되었습니다. (2) 최대주주의 최근 결산기 재무현황 - 당사 최대주주인 ㈜LG화학의 2025년 12월말 기준 최근 재무현황입니다. | 0   | 1               |\n|:----|:----------------|\n|     | (단위 : 백만원) | | 구 분                 | Unnamed: 1   |\n|:----------------------|:--------', '[문서 출처: [LG화학]_[2025년도공시]_20250814003066.xml]\n|                                                |                              |                             |                              |                             |\n|                                                |                              |                             |                              |                             |\n|                                                |                              |                             |                              |                             | 4-4. 자본변동표 자본변동표 제 25 기 반기 2025.01.']",해당 공시 자료에는 LG화학의 2025년 3분기말 연결재무상태표 기준 자본총계 정보가 없습니다.,"46,228,488 백만 원입니다.",0.0,0.0,0.0
셀트리온의 2025년 3분기 누적 연결손익계산서 기준 매출액은 얼마인가요?,"['[문서 출처: [셀트리온]_[2025년도공시]_20251114002699.xml]\n|                                                                      |                                                             |                                                                     |                                                                 |                                                                         |                                                               |                                                                                               |                                        |         ', '[문서 출처: [셀트리온]_[2026년도공시]_20260316001415.xml]\n|                                                                      |                                                             |                                                                     |                                                                 |                                                                         |                                                               |                                                                                               |                                        |         ', '[문서 출처: [셀트리온]_[2026년도공시]_20260316001415_00760.xml]\n| 손 익 계 산 서                                     | 손 익 계 산 서                                     |\n| 제 35 기 : 2025년 1월 1일부터 2025년 12월 31일까지 | 제 35 기 : 2025년 1월 1일부터 2025년 12월 31일까지 |\n| 제 34 기 : 2024년 1월 1일부터 2024년 12월 31일까지 | 제 34 기 : 2024년 1월 1일부터 2024년 12월 31일까지 |\n| 주식회사 셀트리온                                  | (단위: 원)                                         | | 과목                   | 주석       | 제 35 기          | 제 35 기.1          | 제 34 기          | 제 34 기.1          |\n|:-----------------------|:-----------|:------------------|:-------------']","셀트리온의 2025년 3분기 누적 연결손익계산서 기준 매출액은 29,286,375,060,047원입니다.","2,832,338,101,184 백만 원입니다.",0.0,0.8565369902247514,0.0
삼성전자의 사업 부문 중 DX 부문과 DS 부문이 각각 담당하는 주요 사업 내용 및 제품은 무엇인가요?,"['[문서 출처: [삼성전자]_[2025년도공시]_20251114002447.xml]\n|                  |                                         | 목     차 【 대표이사 등의 확인 】 대표이사 서명.jpg 대표이사 서명 I. 회사의 개요 1. 회사의 개요 회사의 개요는 기업공시서식 작성기준에 따라 분기보고서에 기재하지 않습니다.(반기ㆍ사업보고서에 기재 예정) 2. 회사의 연혁 회사의 연혁은 기업공시서식 작성기준에 따라 분기보고서에 기재하지 않습니다.(사업보고서 등에 기재 예정) 3. 자본금 변동사항 자본금 변동사항은 기업공시서식 작성기준에 따라 분기보고서에 기재하지 않습니다.(사업보고서 등에 기재 예정) 4. 주식의 총수 등 주식의 총수 등은 기업공시서식 작성기준에 따라 분기보고서에 기재하지 않습니다.(반기ㆍ사업보고서에 기재 예정) 5. 정관에 관한 사항 정관에 관한 사항은 기업공시서식 작성기준에 따라 분기보고서에 기재하지 않습니다.(반기ㆍ사업보고서에 기재 예정) II. 사업의 내용 1. 사업의 개요 당사는 본사를 거점으로 한국과 DX 부문 산하 해외 9개 지역총괄 및 DS 부문 산하 해외 5개 지역총괄의 ', '[문서 출처: [삼성전자]_[2025년도공시]_20250814003156.xml]\n|:-------------------|:---------------------|--------------------------:|:--------------------------|---------------------:|:---------------------|:---------------------|:---------------------|\n| DX 부문            | 매출액               |                    952874 | 62.0%                     |              1748877 | 58.1%                | 1699923              | 65.7%                |\n| DX 부문            | 영업이익             |                     80476 | 70.8%                     |               124399 | 38.0%                | 143847               | 219.0%', ""[문서 출처: [삼성전자]_[2026년도공시]_20260310002820.xml]\n|:--------------|\n| (단위 : 천개) | | ('부문', '부문')   | ('품 목', '품 목')   |   ('제57기', '생산능력 개수') |   ('제57기', '실제 생산 개수') | ('제57기', '가동률')   |\n|:-------------------|:---------------------|------------------------------:|-------------------------------:|:-----------------------|\n| Harman             | 디지털 콕핏          |                          7815 |                           5897 | 75.4%                  | 라. 생산설비 및 투자 현황 등 (생산과 영업에 중요한 시설 및 설비 등) 당사는 수원사업장을 비롯하여 구미, 광주, 화성, 평택, 아산 등 국내사업장 및 북미, 유럽, 중국 등 해외 DX 부문 산하 9개 지역총괄과 DS 부문 산하 5개 지역총괄, SDC 및 Har""]","삼성전자의 사업 부문 중 DX 부문은 TV를 비롯하여 모니터, 냉장고, 세탁기, 에어컨, 스마트폰, 네트워크시스템, PC 등의 Set 사업을 담당하고 있으며, DS 부문은 DRAM, NAND Flash, 모바일AP 등의 부품 사업을 담당하고 있습니다. 또한, SDC는 스마트폰용 OLED 패널 등을 생산·판매하고 있고, Harman에서는 디지털 콕핏(Digital Cockpit), 카오디오 등 전장제품과 포터블/사운드바 스피커 등 컨슈머오디오 제품 등을 개발, 생산, 판매하고 있습니다.","DX 부문은 TV, 모니터, 냉장고, 스마트폰, 통신장비 등의 제조 및 판매를 담당하며, DS 부문은 메모리 반도체, 파운드리, System LSI 등 핵심 전자부품의 제조 및 판매를 담당합니다.",0.2,0.8883524435345221,0.9999999999
"SK하이닉스의 공시 자료에 기재된 주요 제품(DRAM, NAND 등)의 전반적인 시장 여건 및 영업 개황은 어떻게 설명되어 있나요?","['[문서 출처: [SK하이닉스]_[2026년도공시]_20260317000635.xml]\n|:------------|:---------|:------------|:--------------------|\n| 구분        | 매출액   | 매출액 비중 | 주요제품            |\n| 반도체 부문 | 97146675 | 100.0%      | DRAM, NAND Flash 등 |\n| 합계        | 97146675 | 100.0%      | -                   | | 0                                                                                                                                                                            |\n|:-----------------------------------------------------------------------------------------------------------------------------------------------', '[문서 출처: [SK하이닉스]_[2026년도공시]_20260317000635.xml]\nDDR5 개발을 통해 서버용 모듈 분야 리더십을 입증하며 AI 및 HPC 중심의 수요 성장을 주도하였습니다. 또한, 지난 3월 업계 최초로 HBM4 샘플 공급에 이어, 9월에는 업계 최초 양산 체계를 구축하며 AI 메모리 시장의 기술 리더십을 공고히 하였습니다. 특히, HBM3E 12단 판매가 크게 늘어나 연간 HBM 매출은 전년 대비 2배 이상 확대되며 DRAM 실적에 크게 기여하였습니다. NAND는 2025년 상반기 수요 부진 속에서도 321단 기반 QLC 제품 개발 완료 등 기술 경쟁력을 강화하였고, 하반기 기업용 SSD 중심 수요 회복에 대응하며 연간 기준 최대 매출을 기록하였습니다. | 0              |', '[문서 출처: [SK하이닉스]_[2026년도공시]_20260317000635.xml]\n|:---------|:------------------------|\n| 2021. 02 | 이천 신규 공장 M16 준공 |\n| 2021. 12 | 중국 Dalian Fab 인수    | (4) 경영활동과 관련된 중요한 사실의 발생 | 0        | 1                                                                                     |\n|:---------|:--------------------------------------------------------------------------------------|\n| 2021. 03 | 업계 최대 용량 18Gb LPDDR5 모바일 DRAM 양산                                           |\n| 2021. 04 | 128단 4D 낸드 기반 PCIe Gen 4 기업용 SSD 신제품 양산                                  |\n| 2021. 07 | EUV 활용 4세대 10나노급 8Gb LPDDR4 모']","해당 공시 자료에 따르면, SK하이닉스는 DDR5 개발을 통해 서버용 모듈 분야 리더십을 입증하며 AI 및 HPC 중심의 수요 성장을 주도하였습니다. 

또한, 지난 3월 업계 최초로 HBM4 샘플 공급에 이어, 9월에는 업계 최초 양산 체계를 구축하며 AI 메모리 시장의 기술 리더십을 공고히 하였으며, HBM3E 12단 판매가 크게 늘어나 연간 HBM 매출은 전년 대비 2배 이상 확대되며 DRAM 실적에 크게 기여하였습니다. NAND는 2025년 상반기 수요 부진 속에서도 321단 기반 QLC 제품 개발 완료 등 기술 경쟁력을 강화하였고, 하반기 기업용 SSD 중심 수요 회복에 대응하며 연간 기준 최대 매출을 기록하였습니다.","AI 서버 및 데이터센터 수요 증가로 HBM(고대역폭 메모리)과 고용량 eSSD 등 고부가가치 메모리 제품의 수요가 지속적으로 확대되고 있으며, 이에 맞춰 수익성 중심의 제품 믹스 개선을 추진하고 있습니다.",0.9090909090909091,0.8590287418080611,0.49999999995
현대자동차의 연구개발실적 중 자율주행이나 친환경차와 관련된 최근 개발 성과는 무엇인가요?,"['[문서 출처: [현대차]_[2025년도공시]_20250814003906.xml]\n| 자동차 연구개발                                                                                                                                                           | 〃                                                                                                                    | 100.00%', '[문서 출처: [현대차]_[2026년도공시]_20260318001394.xml]\n사업보고서 6.3 현대자동차(주) C A Y 110111-0085450 사 업 보 고 서 (제 58 기) | 0        | 1    |\n|:---------|:-----|\n| 사업연도 | 부터 |\n| 사업연도 | 까지 | | 0               | 1               |\n|:----------------|:----------------|\n| 금융위원회      |                 |\n| 한국거래소 귀중 | 2026년 3월 18일 |\n|                 |                 | | 0                   | 1   |\n|:--------------------|:----|\n| 제출대상법인 유형 : |     |\n|                     |     |\n| 면제사유발생 :      |     | | 0                | 1                                     |\n|:-----------------|:-----------------------------------', '[문서 출처: [현대차]_[2025년도공시]_20251114002658.xml]\n분기보고서 6.1 현대자동차 3 Y 110111-0085450 분 기 보 고 서 (제 58 기 3분기) | 0        | 1    |\n|:---------|:-----|\n| 사업연도 | 부터 |\n| 사업연도 | 까지 | | 0               | 1                |\n|:----------------|:-----------------|\n| 금융위원회      |                  |\n| 한국거래소 귀중 | 2025년 11월 14일 |\n|                 |                  | | 0                   | 1   |\n|:--------------------|:----|\n| 제출대상법인 유형 : |     |\n|                     |     |\n| 면제사유발생 :      |     | | 0                | 1                                     |\n|:-----------------|:-------------------------------']","API 오류: 413 Client Error: Payload Too Large for url: https://clovastudio.stream.ntruss.com/testapp/v1/chat-completions/HCX-003 | {""status"":{""code"":""41300"",""message"":""Request body size exceeded""},""result"":null}",자율주행용 라이다 및 카메라 센서 표면의 오염을 제거하기 위한 액체 사출형 클리닝 통합 시스템과 에어 시스템 등을 개발하여 주행 안정성을 증대시켰습니다.,0.0,0.6907890283957124,0.0
LG에너지솔루션의 주요 고객사와의 합작법인(JV) 설립 현황이나 향후 투자 계획에 대해 본문에 어떻게 명시되어 있나요?,"['[문서 출처: [LG에너지솔루션]_[2025년도공시]_20250814001590.xml]\n| LG Energy Solution Fund I LLC', '[문서 출처: [LG에너지솔루션]_[2025년도공시]_20251114000625.xml]\n| LG Energy Solution Fund I LLC', '[문서 출처: [NAVER]_[2025년도공시]_20251114001436.xml]\n분기보고서 6.1 네이버(주) 3 Y 110111-1707178 분 기 보 고 서 (제 27 기) | 0        | 1    |\n|:---------|:-----|\n| 사업연도 | 부터 |\n| 사업연도 | 까지 | | 0               | 1                |\n|:----------------|:-----------------|\n| 금융위원회      |                  |\n| 한국거래소 귀중 | 2025년 11월 14일 |\n|                 |                  | | 0                   | 1   |\n|:--------------------|:----|\n| 제출대상법인 유형 : |     |\n|                     |     |\n| 면제사유발생 :      |     | | 0                | 1                                            |\n|:-----------------|:-------------------------']","API 오류: 400 Client Error: Bad Request for url: https://clovastudio.stream.ntruss.com/testapp/v1/chat-completions/HCX-003 | {""status"":{""code"":""40000"",""message"":""Bad request""},""result"":null}","북미 등 주요 거점에서 GM(얼티엄셀즈), 혼다(Honda), 현대차그룹 등 글로벌 핵심 완성차 업체들과 배터리 합작법인을 설립하고 생산 능력을 확대하기 위한 공장 증설 투자를 진행하고 있습니다.",0.0,0.688176718305271,0.0
삼성바이오로직스가 현재 위탁생산(CMO) 사업과 관련하여 진행 중인 주요 설비 투자(공장 증설 등) 현황은 어떠한가요?,"['[문서 출처: [삼성바이오로직스]_[2025년도공시]_20250814004457.xml]\n등 비대면 활동을 강화하고 있습니다. [바이오의약품 개발 및 상업화 부문] 삼성바이오에피스는 설립 후 현재까지 항체 바이오시밀러 9종 (레미케이드, 허셉틴, 엔브렐, 휴미라, 아바스틴, 루센티스, 솔리리스, 아일리아, 스텔라라의 바이오시밀러) 제품을 출시하였습니다. 허가기관의 품질요건을 만족하는 공정을 개발하고, 임상시험을 효율적으로 진행하여 타업체에 비해 개발기간을 단축하였습니다. 또한 생산성이 높은 공정기술을 개발하여 원가 경쟁력을 확보한 결과 시장 판가 하락에도 수익성이 확보된 제품을 출시하였습니다. 향후에도 지속적으로 공정 최적화, 효율화 기술을 개발하여 경쟁력 있는 제품을 출시할 예정입니다. 사. 신규사업 내용 및 전망 삼성바이오로직스는 항체의약품 중심의 CMO 서비스를 넘어 글로벌 종합 바이오기업으로 도약하기 위해 CDO, mRNA, ADC, 세포/유전자 치료제 등으로 사업 영역을 확장하고 있습니다.CDO는 세포주 및 공정개발 인프라가 부족한 중소 제약사를 대상으로 세포주, 공정, 제형 개발을 지원하는 위탁개발 서비스입니다. 당사는 2024년 자체 세포주 및 ', '[문서 출처: [삼성바이오로직스]_[2025년도공시]_20251114001632.xml]\n부문 삼성바이오로직스는 바이오의약품 위탁생산(CMO) 및 세포주 개발, 공정ㆍ제형ㆍ분석법 개발 등 초기 임상 단계까지 지원하는 위탁개발(CDO) 서비스를 제공하고 있습니다. 당사는 보고서 제출일 기준 인천 송도에 위치한 인천경제자유구역 내에 상업용 생산설비 78만 리터(1공장 3만, 2공장 15만, 3공장 18만, 4공장 24만, 5공장 18만 리터) 및 임상용 4천 리터 등 총 78.4만 리터의 생산설비를 보유하고 있습니다. CMO뿐 아니라 CDO 사업에서도 성과를 확대하고 있으며, 자체 세포주인 S-CHOice®을 비롯해 고농도 제형 플랫폼 S-Tensify™, 항체 후보 물질 선별 플랫폼 DEVELOPICK™, 고농도 제형 기술 S-HiCon™ 등을 개발 및 공개하여 기술경쟁력을 강화하고 있습니다. 글로벌 영업 역량 강화를 위해 2023년 3월 뉴저지에, 2025년에는 일본 도쿄에 각각 세일즈 오피스를 개소하여 고객 접점과 네트워크를 확대하고 있습니다.바이오의약품 시장은 2024년 약 4,826억 달러 규모로 전체 제약시장 내 40.8% 비중을 차지하며, 2030년', '[문서 출처: [삼성바이오로직스]_[2025년도공시]_20250814004457.xml]\n| 합 계                       | 합 계      | 합 계                            |     5538 |                                                                                                        | ※ CDMO 산업은 일반적으로 고객사로부터 BOM(Bill of Material)에 속하는 원/부재료비    전액 및 Handling Fee를 환급받는 구조를 취하고 있습니다.※ 바이오의약품 개발 및 상업화 부문은 위탁생산 전문업체(CMO)와 계약하여 생산하고    있으며, 사업의 특성상 매입처에서 주문생산 방식으로 조달하고 있습니다.※ 주요 매입처는 경쟁상황 및 상호 계약 내용에 따라 상세 내용 기재를 생략하였습니다. 나. 원재료 가격변동 추이 및 가격변동 원인 (1) CDMO 부문 삼성바이오로직스가 생산하는 의약품에 투입되는 주요 원재료는 품질관리 등의 사유로 고객사로부터 확인받거나 또는 고객사가 지정하는 거래처를 통해 구매가 이루어']","삼성바이오로직스는 현재 항체의약품 중심의 CDMO 서비스에서 나아가 mRNA, ADC, 세포/유전자 치료제 등 차세대 바이오의약품으로 사업을 확장하고 있으며, 송도 내 mRNA 생산설비 및 신규 ADC 공장 구축을 완료했습니다. 

또한, 2027년까지 ADC DP 라인과 사전충전형 주사기(PFS) 마더라인을 구축할 예정입니다. 이를 통해 미래 성장 동력을 확보하고, 고객의 다양한 요구에 적극 대응할 계획입니다.","글로벌 바이오의약품 수요에 선제적으로 대응하기 위해 현재 제4공장이 가동 중이며, 추가적인 생산 능력 확충을 위해 제5공장을 착공하여 건설을 진행하고 있습니다.",0.2,0.869776999305548,0.9999999999666667
"NAVER의 주요 플랫폼 서비스 부문(서치플랫폼, 커머스, 클라우드 등)에 대한 구체적인 사업 내용은 어떻게 설명되어 있나요?","['[문서 출처: [NAVER]_[2025년도공시]_20250814002281.xml]\n| - 클라우드                 |                            265994 | 4.7%                              |                            241598 | 4.7%                              | 2. 주요 제품 및 서비스 네이버 및 종속회사의 서비스는 서치플랫폼, 커머스, 핀테크, 콘텐츠, 엔터프라이즈로 구성되어 있으며, 각 사업부문별 주요 서비스는 다음과 같습니다. ① 서치플랫폼 서치플랫폼은 검색과 디스플레이 광고로 구성되어 있습니다. 검색은 이용자의 정보탐색 수요를 네이버를 통해 연결시켜 비즈니스 활동을 촉진시키는 사업으로, 지속적인 상품 개선과 카테고리 확대, AI 기술을 활용한 검색 고도화를 통해 지속적으로 성장하고 있습니다. 디스플레이는 광고주가 원하는 상업적 메시지를 사용자에게 노출시켜주는 상품을 제공하는 사업으로, 디스플레이 플랫폼 고도화와 성과형 광고상품, 진화하는 광고주 수요에 대응하여 동영상/프리미엄 상품 출시 등 다양한 신규 상품 출시를 통해 광고', '[문서 출처: [NAVER]_[2025년도공시]_20251114001436.xml]\n광고 서비스와 구독 및 AI 유료 서비스를 제공하며 수익을 창출 중입니다. [엔터프라이즈] *구 클라우드 (1) 산업의 개요 (가) 산업의 특성 클라우드는 서버, 스토리지, 소프트웨어 등 필요한 IT 자원을 시간과 장소의 제약없이 탄력적으로 제공받아 사용하는 서비스입니다. 과거에는 IT 자원을 직접, 소유 관리하였으나, 클라우드에서는 인터넷 네트워크로 연결된 데이터센터에서 필요한 IT 자원을 필요한 만큼 서비스를 제공받는 형태로 변경되어 IT 투자가 CAPEX 개념에서 OPEX 개념으로 전환되었습니다. 초기 클라우드 시장은 컴퓨팅 자원의 효율적 활용을 통한 비용 절감이라는 목적으로 도입되었으나, 점차 4차 산업혁명이 대두되고, AI와 빅데이터의 활용이 중요해짐에 따라 폭증하는 데이터의 효율적 관리 및 활용 측면에서 그 중요성이 부각되고 있습니다. 클라우드 서비스는 그 형태에 따라, IaaS(Infrastructure as a Service), PaaS(Platform as a service), SaaS(Software as a Service)로 분류할 수 있습니다. IaaS는', '[문서 출처: [NAVER]_[2025년도공시]_20250814002281.xml]\n다양한 유형의 광고 서비스와 구독 및 AI 유료 서비스를 제공하며 수익을 창출 중입니다. [엔터프라이즈] *구 클라우드 (1) 산업의 개요 (가) 산업의 특성 클라우드는 서버, 스토리지, 소프트웨어 등 필요한 IT 자원을 시간과 장소의 제약없이 탄력적으로 제공받아 사용하는 서비스입니다. 과거에는 IT 자원을 직접, 소유 관리하였으나, 클라우드에서는 인터넷 네트워크로 연결된 데이터센터에서 필요한 IT 자원을 필요한 만큼 서비스를 제공받는 형태로 변경되어 IT 투자가 CAPEX 개념에서 OPEX 개념으로 전환되었습니다. 초기 클라우드 시장은 컴퓨팅 자원의 효율적 활용을 통한 비용 절감이라는 목적으로 도입되었으나, 점차 4차 산업혁명이 대두되고, AI와 빅데이터의 활용이 중요해짐에 따라 폭증하는 데이터의 효율적 관리 및 활용 측면에서 그 중요성이 부각되고 있습니다. 클라우드 서비스는 그 형태에 따라, IaaS(Infrastructure as a Service), PaaS(Platform as a service), SaaS(Software as a Service)로 분류할 수 있습니']","NAVER의 주요 플랫폼 서비스 부문에 대한 구체적인 사업 내용은 다음과 같이 설명되어 있습니다.

1. 서치플랫폼 : 검색과 디스플레이 광고로 구성되어 있습니다. 
- 검색은 이용자의 정보 탐색 수요를 네이버를 통해 연결시켜 비즈니스 활동을 촉진 시키는 사업으로, 지속적인 상품 개선과 카테고리 확대, AI 기술을 활용한 검색 고도화를 통해 지속적으로 성장하고 있습니다. 
- 디스플레이는 광고주가 원하는 상업적 메시지를 사용자에게 노출 시켜주는 상품을 제공하는 사업으로, 디스플레이 플랫폼 고도화와 성과형 광고상품, 진화하는 광고주 수요에 대응하여 동영상/프리미엄 상품 출시 등 다양한 신규 상품 출시를 통해 광고 효과를 제고하는 등의 노력을 펼치고 있습니다. 

2. 커머스 : 커머스 광고(쇼핑 관련 검색 및 디스플레이 광고), 중개 및 판매(수수료), 멤버십 매출로 구성되어 있습니다.
- 브랜드와 SME를 포함한 다양한 판매자들과 함께 성장해온 네이버 커머스는, 브랜드스토어, 쇼핑라이브, C2C 플랫폼(KREAM, Poshmark) 등 버티컬 커머스 서비스 강화와 함께, 여행(항공, 호텔, 투어) 및 네이버플레이스 내 예약 서비스를 통해 이용자에게 더욱 차별화된 쇼핑 경험을 제공하고 있습니다. 
- CJ대한통운 및 다양한 풀필먼트 스타트업과의 제휴를 통해 물류 경쟁력을 강화하고 있으며, 멤버십 부문에서는 넷플릭스, 마이크로소프트(MS) 등과의 제휴를 통해 콘텐츠 혜택을 확장하고 커머스 생태계를 한층 강화하며, 플랫폼 전반의 사용자 경험과 충성도를 높이고 있습니다.  

3. 클라우드 : 서버, 스토리지, 소프트웨어 등 필요한 IT 자원을 시간과 장소의 제약 없이 탄력적으로 제공받아 사용하는 서비스인 클라우드 서비스를 제공하고 있습니다.
- 네이버클라우드는 Cloud Service Provider로서 기본적인 서버, 스토리지 등 IaaS부터 초대규모AI HyperCLOVA X 및 네이버웍스 (일본 라인웍스) 같은 SaaS까지 서비스 영역을 확장하고 있습니다.  
- 공용(Public) 클라우드 뿐만 아니라, Neurocloud와 같은 Hybrid Cloud 구성을 위한 서비스까지 제공하고 있습니다.","서치플랫폼(검색 및 디스플레이 광고), 커머스(스마트스토어, 브랜드스토어), 핀테크(네이버페이), 콘텐츠(웹툰, 스노우), 클라우드(B2B IT 인프라 및 AI 기술) 등의 5대 주요 사업 부문으로 구성되어 서비스를 제공합니다.",0.47058823529411764,0.8987724620526922,0.99999999995
"POSCO홀딩스가 미래 성장동력으로 추진 중인 이차전지소재(리튬, 니켈 등) 관련 사업의 현황 및 투자 계획은 무엇인가요?","[""[문서 출처: [POSCO홀딩스]_[2026년도공시]_20260311004517.xml]\n|:-------------------|:-------------------|\n| 중소기업 해당 여부 | 중소기업 해당 여부 |\n|                    | 벤처기업 해당 여부 |\n| 중견기업 해당 여부 | 중견기업 해당 여부 | 바. 주요 사업의 내용 포스코홀딩스는 그룹의 지주회사로서 그룹 전반의 성장 전략을 수립하고 미래 사업 테마를 발굴하며 M&A 등 신사업을 추진하는 미래사업 포트폴리오 개발자 역할을 수행하고 있습니다.주요 자회사 및 종속회사로는 자동차, 조선, 가전 등 산업에 철강제품을 공급하는 철강부문과 무역, 에너지, 건설, 물류, IT 등의 사업을 수행하는 인프라('무역', '건설', '물류 등')부문이 있으며, 리튬, 니켈, 양극재, 음극재, 리사이클링 등 이차전지소재사업 등을 영위하는 이차전지소재부문 및 기타부문이 있습니다. 상세한 내용은 동 공시서류의 'II. 사업의 내용'을 참조하시기 바랍니다. * '25.1월 조직개편으로 기존 이차전지소재부문을 에너지소재부문으로 명칭을 변경한    이후, '25.6월 내부 의사결정을 통해 이차전지소재부"", ""[문서 출처: [POSCO홀딩스]_[2025년도공시]_20250814003981.xml]\n|:-------------------|:-------------------|\n| 중소기업 해당 여부 | 중소기업 해당 여부 |\n|                    | 벤처기업 해당 여부 |\n| 중견기업 해당 여부 | 중견기업 해당 여부 | 바. 주요 사업의 내용 포스코홀딩스는 그룹의 지주회사로서 그룹 전반의 성장 전략을 수립하고 미래 사업 테마를 발굴하며 M&A 등 신사업을 추진하는 미래사업 포트폴리오 개발자 역할을 수행하고 있습니다.주요 자회사 및 종속회사로는 자동차, 조선, 가전 등 산업에 철강제품을 공급하는 철강부문과 무역, 에너지, 건설, 물류, IT 등의 사업을 수행하는 인프라('무역', '건설', '물류 등')부문이 있으며, 리튬, 니켈, 양극재, 음극재, 리사이클링 등 이차전지소재사업 등을 영위하는 이차전지소재부문 및 기타부문이 있습니다. 상세한 내용은 동 공시서류의 'II. 사업의 내용'을 참조하시기 바랍니다. * '25.1월 조직개편으로 기존 이차전지소재부문을 에너지소재부문으로 명칭을 변경한    이후, '25.6월 내부 의사결정을 통해 이차전지소재부"", '[문서 출처: [POSCO홀딩스]_[2025년도공시]_20250814003981.xml]\n| 이차전지소재부문                                           | 이차전지소재부문                                           | 합계                                                       | 940631        | 946133   | 958936         |\n| 합계                                                       | 합계                                                       | 제품                                                       | 2182581       | 2553335  | 2495684        |\n| 합계                                                       | 합계                                                     ']","POSCO홀딩스는 그룹의 지주회사로서 그룹 전반의 성장 전략을 수립하고 미래 사업 테마를 발굴하며 M&A 등 신사업을 추진하는 미래사업 포트폴리오 개발자 역할을 수행하고 있으며, 그 중 하나로 이차전지소재(리튬, 니켈 등) 관련 사업을 추진하고 있습니다.

- POSCO홀딩스의 이차전지소재부문에서는 리튬, 니켈, 양극재, 음극재, 리사이클링 등의 사업을 영위하고 있습니다.
- 2023년 3분기 기준, 이차전지소재부문의 매출액은 9,589억원이며, 이는 전체 매출액의 약 14.5%를 차지합니다.
- POSCO홀딩스는 2030년까지 리튬 22만톤, 니켈 10만톤을 자체 공급해, 글로벌 시장점유율 20%, 매출액 연 23조원을 달성하겠다는 목표를 제시했습니다. 이를 위해 아르헨티나 염호 리튬 상용화 공장을 2024년 상반기에 착공할 예정이며, 광양에는 연산 4만3천톤 규모의 수산화리튬 공장을 2023년 12월 완공한다는 계획입니다. 또한, 호주 필바라미네랄스(Pilbara Minerals)사로부터 연간 4만톤의 리튬을 생산할 수 있는 리튬정광을 장기구매키로 했으며, 탄자니아 흑연광산을 보유한 호주 블랙록마이닝(Black Rock Mining) 지분 15%를 인수하는 등 원료 확보에도 적극 나서고 있습니다. 

위와 같이 POSCO홀딩스는 이차전지소재 관련 사업에서 적극적인 투자와 기술 개발을 통해 글로벌 시장에서의 경쟁력을 강화하고, 미래 성장동력을 확보하기 위해 노력하고 있습니다.","아르헨티나 염수 리튬 상용화 공장 투자 및 호주 광석 리튬 기반 수산화리튬 공장 건설 등을 통해 리튬 및 니켈 원료부터 양극재, 음극재 생산까지 이어지는 이차전지 소재 풀 밸류체인(Full Value Chain)을 구축하고 있습니다.",0.3333333333333333,0.8573976102812955,0.99999999995
"기아의 글로벌 주요 시장(미국, 유럽 등)에서의 판매 전략 및 신차/친환경차 확대 계획은 어떻게 기재되어 있나요?","[""[문서 출처: [기아]_[2026년도공시]_20260312001224.xml]\n등 금융 프로그램을 강화하여 EV 시장점유율 1위 브랜드 위상을 더욱 공고히 하고 국내 자동차 시장의 전동화 전환을 선도하겠습니다.  둘째, 주력 차종 판매 모멘텀을 강화하고 신차 활용 소형 SUV 리더십을 확대하여 판매볼륨을 지속하겠습니다. 주력 RV (셀토스, 스포티지, 쏘렌토, 카니발)의 견조한 판매 추세를 지속 유지하고 주요 차종 (K5, K8, 타스만, 봉고) 타겟고객을 추가 발굴하여 '26년 판매 목표를 달성하겠습니다. 또한, 소형 SUV 차급의 HEV 모델을 추가한 신형 셀토스와 디자인 경쟁력을 강화한 니로를 성공적으로 런칭하여 RV 시장 지배력을 강화하겠습니다. 셋째, PV5 추가모델 출시를 통해 라인업을 강화하여 PBV 생태계 육성을 가속화하겠습니다. '25년 당사 최초 전용 PBV인 PV5는 패신저 5인승과 카고 롱, 총 2종을 성공적으로 출시하였습니다. '26년에는 기본 모델 7종과 컨버전 모델 5종, 총 12종 추가모델 출시를 통해 PV5 풀라인업을 구축하여 고객 커버리지를 확대하고 판매 성과를 가시화하겠습니다. (2) 해외 '25년 글로벌 자동차 산업수요는 "", '[문서 출처: [기아]_[2025년도공시]_20250814003814.xml]\n위한 전시 / 시승회를 운영하여 고객 실차 체험을 강화하고, 고객 DB를 활용한 맞춤형 고객 프로모션을 병행하여 고객의 실질적인 구매 전환을 유도하겠습니다. 더불어 외부 특장 파트너사와 연계한 PBV 컨버전 파트너십 비즈니스를 개시하여, 향후 PBV 시장의 저변을 확대하고 다양한 고객 요구에 대응 가능한 맞춤형 솔루션을 제공하겠습니다.  셋째, 하반기 EV 보조금 공모 개시 연계 전기차 시장주도권을 공고히 하겠습니다. EV3, EV4 등 대중화 모델 중심으로 하반기 EV 보조금 공모를 신속히 대응하여 전기차 판매를 확대하겠습니다. 또한 고객 초기 부담 완화 구매 프로그램 및 잔가 보장 등의 프로모션 등을 통해 구매 접근성을 강화하여 경쟁이 심화하고 있는 국내 EV 시장 내 당사 점유율을 지속 향상시키겠습니다. (2) 해외 지난 상반기 글로벌 자동차 산업수요는 보호무역주의, 지정학 리스크 등으로 인한 시장 변동성 확대 불구, 각국의 경기부양 정책 강화, 주요 업체의 판매 인센티브 확대 영향으로 전년동기 대비 증가하였습니다.  당사는 글로벌 환경 변화에 따른 시장 변동성 확대에 대응하', ""[문서 출처: [기아]_[2026년도공시]_20260312001224.xml]\n발생되는 폐기물은 전량 적법한 폐기물 처리업체를 통해 위탁처리하고 있으며, 기술적 한계 등으로 인해 일부 항목에 한해서 소량 매립처리를 하고 있습니다. 재사용 또는 재활용되지 못하고 버려지는 폐기물을 최소화하기 위해 지속적인 관리개선을 하고 있으며, 폐기물 재활용 개선활동을 추진하여, 평균적인 폐기물 재활용률이 90%를 상회하는 친환경적인 사업장을 구현하고 있습니다. <유해화학물질> 최근 환경 규제는 각 국가별 탄소중립정책과 더불어 지속적으로 강화되고 있으며 '19년 EU Green Deal과 '20년 순환경제 실천계획 등 유럽을 중심으로 친환경 & 유해물질 Fee 정책이 가속화 되고 있습니다.  자동차의 경우 폐차법규(End of Life Vehicle) 과 EU 신화학물질관리제도(REACH; Registration, Evaluation and Authorization of Chemicals), 잔류성오염물질관리법(POPs-Persistent Organic Pollutats) 등에 의해 규제되고 있으며 규제지역이 확대되고 규제물질 수가 증가하는 등 규제강화가 지속되고 있습니다. ""]","기아의 글로벌 주요 시장(미국, 유럽 등)에서의 판매 전략 및 신차/친환경차 확대 계획은 다음과 같이 기재되어 있습니다.

1. 미국 시장
- 관세 영향이 본격화 됨에 따른 수요 변동이 예상되나, 공급/판매 전반 유연한 대응으로 관세 인상의 사업 영향을 최소화 할 계획임
- 미국 공장 활용하여 국별 공급을 최적화하고, 시장 상황 연계한 탄력적 인센티브 운영으로 판매 효율성을 제고할 예정임
- K4, 스포티지, 쏘렌토, 텔루라이드 등 주요 차종 판매 확대 지속하여 시장 점유율 성장 추진할 계획임
- 미국 EV 세제 혜택 폐지 및 HEV 수요 증가 대응 위해 PT별 생산/판매를 최적화 운영할 예정임

2. 유럽 시장
- CO2 규제 강화로 전동화 전환이 빠르게 진행 중임
- 전기차 판매 비중을 대폭 확대하여, '25년 8.7%, '26년 10.6%까지 확대할 계획임
- 충전 인프라 투자 확대 및 지역별 특화 서비스 개발을 통해 고객 경험을 차별화할 계획임
- 스코다와의 시너지를 활용하여 유럽 내 입지를 강화할 계획임","북미와 유럽 등 핵심 글로벌 시장에서 고수익 RV(레저용 차량) 모델의 판매 비중을 높이고, 전용 전기차(EV) 라인업 강화 및 PBV(목적 기반 모빌리티) 사업 전개를 통해 시장 점유율 확대를 추진하고 있습니다.",0.36363636363636365,0.866089752612479,0.99999999995
"LG화학의 3대 신성장 동력(친환경 소재, 전지 소재, 글로벌 신약)과 관련된 주요 사업 추진 현황은 어떠한가요?","['[문서 출처: [LG화학]_[2025년도공시]_20251114001374.xml]\n사업에 집중하기 위한 사업 포트폴리오 조정(4) Water Solutions 사업 영업 양도    가. 계약 상대방(양수 법인) : Korea Water Solution Holdings Co.,Ltd.    나. 계약 체결시기 : 2025년 6월 13일 (기본 계약 체결일)    다. 양도대상 :  첨단소재사업본부 내 Water Solutions (RO 필터) 사업    라. 양도가액  : 1.4조원    마. 양도 목적 : 당사 3대 신성장 사업에 집중하기 위한 사업 포트폴리오 조정(5) 에스테틱 사업 영업 양도    가. 계약 상대방(양수 법인) : 브이아이지파트너스 유한책임회사.    나. 계약 체결시기 : 2025년 8월 7일 (기본 계약 체결일)    다. 양도대상 :  생명과학사업본부 내 에스테틱 사업    라. 양도가액  : 2,000억원    마. 양도 목적 : 포트폴리오 조정을 통한 경쟁력 강화 나. 연구개발활동 (1) 연구개발활동의 개요 및 연구개발 담당조직 LG화학의 연구개발활동은 고분자 합성, 공정, 촉매 등의 석유화학 분야와 Display 소재, OLED', '[문서 출처: [LG화학]_[2026년도공시]_20260313001195.xml]\n사업에 집중하기 위한 사업 포트폴리오 조정(4) Water Solutions 사업 영업 양도    가. 계약 상대방(양수 법인) : Korea Water Solution Holdings Co.,Ltd.    나. 계약 체결시기 : 2025년 6월 13일 (기본 계약 체결일)    다. 양도대상 :  첨단소재사업본부 내 Water Solutions (RO 필터) 사업    라. 양도가액  : 1.4조원    마. 양도 목적 : 당사 3대 신성장 사업에 집중하기 위한 사업 포트폴리오 조정(5) 에스테틱 사업 영업 양도    가. 계약 상대방(양수 법인) : 브이아이지파트너스 유한책임회사.    나. 계약 체결시기 : 2025년 8월 7일 (기본 계약 체결일)    다. 양도대상 :  생명과학사업본부 내 에스테틱 사업    라. 양도가액  : 2,000억원    마. 양도 목적 : 포트폴리오 조정을 통한 경쟁력 강화 나. 연구개발활동 (1) 연구개발활동의 개요 및 연구개발 담당조직 LG화학의 연구개발활동은 고분자 합성, 공정, 촉매 등의 석유화학 분야와 Display 소재, OLED', '[문서 출처: [LG화학]_[2026년도공시]_20260313001195.xml]\n|:---------------------|-------------------------:|:------------------------|-------------------------:|:------------------------|-------------------------:|:------------------------|\n| 석유화학 사업부문    |                  -356378 | -30.2%                  |                  -104182 | -11.9%                  |                  -100247 | -4.0%                   |\n| 첨단소재 사업부문    |                   146388 | 12.4%                   |                   436722 | 49.9%                   |                   509934 | 20.4%                   |\n| 생명과학 사업부문    |  ']","LG화학의 3대 신성장 동력과 관련된 주요 사업 추진 현황은 다음과 같습니다.

1. **친환경 소재**
- 생분해성 플라스틱인 PBAT 생산시설을 올해 착공하여 2024년부터 양산할 계획입니다.
- 태양광 패널용 POE(Poly Olefin Elastomer) 필름도 생산하고 있습니다.
- 탄소나노튜브(CNT)를 활용한 배터리 도전재 시장에 진출하였습니다.

2. **전지 소재**
- 양극재, 분리막, 음극 바인더, 방열 접착제 등의 제품을 생산하고 있습니다.
- 청주 양극재 공장에 연산 3만 톤 규모의 신규 증설을 진행 중이며, 구미 양극재 공장도 건설 예정입니다.
- 분리막의 경우, 중국 상해 인근에 위치한 장수성 우시시시에 4천 억 원을 투자하여 연간 생산량 10억m2 규모의 공장을 짓고 있습니다.

3. **글로벌 신약**
- 통풍치료제 '티굴릭소스타트' 임상 3상 시험을 진행하고 있습니다.
- 미국 보스턴에 '글로벌 이노베이션 센터'를 설립하여 신약 연구개발을 진행하고 있습니다. 

위와 같이 LG화학은 3대 신성장 동력 분야에서 적극적인 투자와 연구개발을 진행하고 있으며, 이를 통해 미래 성장동력을 확보하고 있습니다.","재활용 플라스틱 및 생분해성 고분자 등 친환경 소재 육성, 하이니켈 양극재 및 분리막 등 전지 소재 생산능력 대폭 확대, 그리고 항암 및 대사질환 중심의 글로벌 신약 파이프라인 개발을 3대 신성장 동력으로 적극 추진 중입니다.",0.0,0.8782537904098869,0.99999999995
셀트리온이 현재 연구개발 중이거나 상업화한 주요 바이오시밀러 파이프라인(램시마 등)의 시장 진출 현황은 어떠한가요?,"[""[문서 출처: [삼성바이오로직스]_[2025년도공시]_20251114001632.xml]\n사전충전형 주사기(PFS) 마더라인을 구축할 예정입니다. 세포/유전자 치료제 분야에서는 기술력 확보와 시장 선점을 위해 라이프 사이언스 펀드를 통한 전략적 투자를 병행하고 있으며 유럽ㆍ미국 등 주요 시장을 중심으로 M&A 및 현지 진출을 포함한 다양한 사업 전략을 검토하고 있습니다. 아울러, 당사는 2025년 6월 연구 서비스 분야 진출을 위한 '삼성 오가노이드' 사업을 신규 런칭하며 포트폴리오를 확장하였습니다. 고객사의 후보물질 발굴 초기부터 약효 평가 서비스를 제공함으로써 CRO-CDO-CMO를 아우르는 End-to-End 서비스를 완성하였으며, GxP 수준 품질과 신뢰도 높은 데이터 기반의 차별화된 솔루션을 제공합니다. 오가노이드 시장은 FDA의 동물실험 축소 기조 등에 따라 2024년 10억달러에서 연평균 22% 성장해 2030년 33억달러로 성장할 것으로 추산됩니다. (2) 바이오의약품 개발 및 상업화 부문 삼성바이오에피스는 바이오시밀러 개발 및 상업화에 중점을 두고 사업을 영위하고 있으며 자가면역질환, 종양질환, 안과질환, 혈액질환 등 다양한 질병 분야에 대한"", '[문서 출처: [셀트리온]_[2025년도공시]_20250814003700.xml]\n| 국내 마이크로바이옴 치료제 개발사 지분투자 | 바이오미         | 한국       | 2024.12.03   | 1,500백만원   | 1,500백만원 | 계약 체결 완료 및 집행 완료 | -      | 6-2. 연구개발활동 가. 연구개발활동의 개요 당사는 생명공학기술 및 동물세포대량배양기술(mammalian cell-culture technology)을 기반으로 종양 및 자가면역질환 등의 치료에 사용되는 항체의약품 개발을 주요 목적 사업으로 하고 있습니다. 당사는 R&D 역량 강화를 위해 지속적으로 높은 수준의 연구개발비를 투자하여 바이오시밀러 파이프라인 확대, 항체의약품 신약 개발을 진행하고 있습니다. 이외에도 자체 생산설비 확장, 품질관리 인프라를 강화하여 세계 경쟁력을 보유한 종합 생명공학기업으로 나아가기 위해 노력하고 있습니다.당사는 과거 항체의약품을 cGMP 위탁생산하면서 축적한 역량을 바탕으로 세계 최초의 항체 바이오시밀러 제품인 램시마(레미케이드 바이오시밀러, 류마티스관절염, 궤양성대장염 등의 치료제) 개발 및 상업화에 성공하였으며, 이후 트룩시마(리', '[문서 출처: [셀트리온]_[2025년도공시]_20250814003700.xml]\n| [추가 사업 목적]5. 동물약품, 농예약품, 사료 및 사료첨가제의 제조 및 판매11. 기업경영자문 및 시스템 컨설팅업12. 전자상거래 및 시스템 컨설팅업2023년 12월 28일 (주)셀트리온헬스케어를 흡수 합병함에 따라 양사의 사업 목적이 통합되며 위 항목이 당사의 사업 목적에 추가되었습니다. 의약품 등을 제조, 수출, 도매 및 판매하는 당사의 주 영업활동에 부속되는 사업으로, 공시서류 작성기준일 현재 당사의 매출 기반에 주요하게 영향을 미치지 않습니다. | II. 사업의 내용 1. 사업의 개요 당사는 생명공학기술 및 동물세포대량배양기술을 기반으로 종양 및 자가면역질환 등의 치료에 사용되는 항체의약품을 개발, 생산하는 것을 주요 목적사업으로 하고 있습니다. 당사는 바이오시밀러 사업의 성장성을 예견하고 준비해 왔으며, 그 결과 유럽의약품청(European Medicines Agency, EMA)과 미국 식품의약국(U.S Food and Drug Administration, FDA)으로부터 세계 최초 바이오시밀러 제품인 램시마(CT-P13)의 품목허가를 획득했습니다. 이후, 트']","셀트리온이 현재 연구개발 중이거나 상업화한 주요 바이오시밀러 파이프라인의 시장 진출 현황은 다음과 같습니다.

1. 램시마(레미케이드 바이오시밀러)
- 류마티스 관절염, 궤양성 대장염 등의 치료제로 사용되며, 유럽의약품청(EMA)과 미국 식품의약국(FDA)으로부터 품목허가를 획득하여 전 세계 각국에서 판매되고 있습니다.
- 유럽을 중심으로 높은 시장 점유율을 기록하고 있으며, 미국 시장에서도 가파른 성장세를 보이고 있습니다.

2. 트룩시마(리툭산 바이오시밀러)
- 혈액암 등의 치료제로 사용되며, EMA와 FDA로부터 품목허가를 획득하여 전 세계 각국에서 판매되고 있습니다.
- 유럽에서 오리지널 의약품 시장의 약 40%를 점유하고 있으며, 미국 시장에서도 점유율을 확대하고 있습니다.

3. 허쥬마(허셉틴 바이오시밀러)
- 유방암 등의 치료제로 사용되며, EMA와 FDA로부터 품목허가를 획득하여 전 세계 각국에서 판매되고 있습니다.
- 유럽시장에서 안정적으로 점유율을 유지하고 있고, 미국 시장에서는 지속적으로 처방이 확대되고 있습니다.

4. 유플라이마(휴미라 바이오시밀러)
- 류마티스 관절염등의 치료제로 사용되며, 유럽 연합 집행 위원회(EC)로부터 최종 판매 허가를 획득했으며 미국 FDA에도 품목허가를 신청해 놓은 상태입니다.

5.베그젤마(아바스틴 바이오시밀러)
- 직결장암, 비소세포폐암 등의 치료제로 사용되며, EMA로부터 품목허가를 획득하여 글로벌 시장에서 판매를 개시했습니다. 

6. CT-P42(아일리아 바이오시밀러)
- 유럽, 한국에서 품목허가 승인을 획득하였고, 미국에서는 허가 심사 진행 중입니다.

7. CT-P39(졸레어 바이오시밀러), CT-P41(프롤리아&엑스지바 바이오시밀러), CT-P47(악템라 바이오시밀러)
- 미국, 유럽 및 한국 모두 품목허가 승인을 획득하였습니다.  

위와 같이 셀트리온은 다양한 바이오시밀러 파이프라인을 보유하고 있으며, 이를 통해 전 세계 바이오시밀러 시장에서 선도적인 지위를 유지하고 있습니다.","램시마(IV 및 SC 제형), 트룩시마, 허쥬마, 유플라이마, 베그젤마 등 주요 자가면역질환 및 항암제 바이오시밀러 제품들이 유럽 EMA 및 미국 FDA의 승인을 획득하여 글로벌 시장 점유율을 꾸준히 확대하고 있습니다.",0.8108108108108109,0.8398063875240155,0.9999999999666667
"LG에너지솔루션의 사업의 개요에 명시된 주요 원재료(리튬, 코발트 등) 가격 변동 리스크 대응 방안은 무엇인가요?","['[문서 출처: [LG화학]_[2026년도공시]_20260313001195.xml]\n| 공통 및 기타부문 | 원재료     | 그레뉼요소, 암모니아 등  | 농업용 자재 등                        |           861812 | 3.7%   | 기타                                |\n| 합 계            | -          | -                        | -                                     |         23314197 | 100.0% | -                                   | 주1) 상기 금액은 연결 및 누계 기준으로 작성되었습니다.주2) 매입액은 연결회사 간 내부거래를 소거한 금액 입니다. 나. 주요 원재료 가격변동추이 | 0                |\n|:-----------------|\n| (단위 : 원, USD) | | 구 분            | 품 목   | 시장구분   | 제25기      | 제24기      | 제23기      | 주요매입처    |\n|:-----------------|:---', '[문서 출처: [LG화학]_[2025년도공시]_20251114001374.xml]\n| 공통 및 기타부문  | 원재료     | 그레뉼요소, 암모니아 등         | 화학비료 원재료 등                     |                 521571 | 2.9%   | 기타                                 |\n| 합 계             | -          | -                               | -                                      |               18072140 | 100.0% | -                                    | 주1) 상기 금액은 연결 및 누계 기준으로 작성되었습니다.주2) 매입액은 연결회사 간 내부거래를 소거한 금액 입니다. 나. 주요 원재료 가격변동추이 | 0                |\n|:-----------------|\n| (단위 : 원, USD) | | 구 분            | 품 목   | 시장구분   | 제25기 3분기   | 제24기      | 제23기      | 주요매입', '[문서 출처: [LG에너지솔루션]_[2026년도공시]_20260312000217.xml]\n| 에너지솔루션 | 소형 Application 배터리 |    0.98 |    1.51 |    1.89 | 주1) 상기 품목의 제품 가격은 단일거래선 공급가 기준입니다. 3. 원재료 및 생산설비 1) 주요 원재료 현황 | 0                  |\n|:-------------------|\n| (단위 : 백만원, %) | | 사업부문     | 매입유형   | 품 목                    | 구체적용도   |   매입액(제6기) | 비율   | 비 고(구매처)                    |\n|:-------------|:-----------|:-------------------------|:-------------|----------------:|:-------|:---------------------------------|\n| 에너지솔루션 | 원재료     | 양극재, 음극재,분리막 등 | 전지 원재료  |        10532405 | 100.0% | ㈜LG화학, 포스코퓨처엠,Nichia 등 | 주1) 상기 금액은 누계 기준으로 작성']","해당 공시 자료에는 LG에너지솔루션의 사업의 개요에 명시된 주요 원재료(리튬, 코발트 등) 가격 변동 리스크 대응 방안에 대한 내용이 없습니다.","주요 핵심 광물 생산업체와의 장기 공급 계약 체결 및 전략적 지분 투자를 통해 안정적인 공급망을 확보하고 있으며, 원재료 가격 변동을 배터리 판가에 연동시키는 메커니즘을 확대 적용하여 리스크를 최소화하고 있습니다.",0.5,0.0,0.3333333333
삼성전자가 최근 공시한 배당 등 주주 환원 정책의 주요 방향성은 어떻게 설명되어 있나요?,"[""[문서 출처: [삼성전자]_[2026년도공시]_20260310002820.xml]\n|              |                         |                        |                        |                       |\n|              |                         |                        |                        |                       | 성과연동 주식보상에 대한 공시 (단위 : 백만원) | ('Unnamed: 0_level_0', 'Unnamed: 0_level_1', 'Unnamed: 0_level_2')   | ('주식기준보상약정', '성과연동 주식보상', '삼성전자주식회사')   |\n|:---------------------------------------------------------------------|:----------------------------------------------------------------|\n|                                     "", '[문서 출처: [삼성전자]_[2026년도공시]_20260310002820_00760.xml]\n|:-----------|\n| (단위: 원) | | 구 분              | 삼성전자주식회사(*)                   |\n|:-------------------|:--------------------------------------|\n| 부여일             | 2025-10-14                            |\n| 기준일             | 2025-10-14                            |\n| 확정일             | 2028-10-13                            |\n| 가득조건           | 일정 수준 이상의 기준주가 상승률 달성 |\n| 지급방식           | 3년간 균등분할지급                    |\n| 결제방식           | 주식결제형(자기주식 교부)             |\n| 평가모형           | 이항모형                              |\n| 가중평균 공정가치  | 51760        ', '[문서 출처: [삼성전자]_[2026년도공시]_20260310002820.xml]\n| 배당가능이익범위이내취득   | 직접취득                     |                                                                  |                            |                            |                            |                                            |                                    |                            |                            |                            |                    |\n| 배당가능이익범위이내취득   | 신탁계약에의한 취득          |                                                                  |                            |                            ']","해당 공시 자료에는 삼성전자의 배당 등 주주 환원 정책에 대한 내용이 포함되어 있지 않습니다. 따라서 사용자님의 질문에 대한 답변을 제공할 수 없습니다. 

다른 도움이 필요하시면 언제든지 말씀해 주세요.","발생한 잉여현금흐름(FCF)의 50%를 환원 재원으로 활용하며, 매년 정규 배당을 안정적으로 지급한 후 잔여 재원이 발생할 경우 추가 배당이나 자사주 매입 및 소각 등을 통해 주주가치를 제고하는 방향으로 운영됩니다.",0.3333333333333333,0.0,0.49999999995
현대자동차의 본문에 기재된 주요 종속회사 중에서 금융업을 영위하는 핵심 회사들은 어디인가요?,"['[문서 출처: [현대차]_[2025년도공시]_20251114002658.xml]\n| 금융업을 영위하는 공동기업', '[문서 출처: [현대차]_[2025년도공시]_20250814003906.xml]\n| (1) 당반기말 및 전기말 현재 공동기업 및 관계기업 투자내역은 다음과 같습니다. (단위 : 백만원) 회사명 당반기말 전기말 주요영업활동 소재지 소유지분율 장부금액 장부금액 북경현대기차금융유한공사 (BHAF)(*1,3) 금융 중국 53.00% 677,446 718,182 산동현대위아기차발동기유한공사 (WAE) 자동차부품 제조 및 판매 〃 31.40% 111,654 117,710 Beijing-Hyundai Motor Company (BHMC)(*1,4) 완성차 제조 및 판매 〃 50.00% 11,076 - HMG Global LLC 신사업 분야 투자 및 관리 미국 49.50% 2,484,712 2,424,332 Motional AD LLC(*1) 자율주행 소프트웨어 개발 〃 45.04% 1,491,250 1,377,465 Boston Dynamics AI Institute, LLC AI 기술 연구 〃 47.50% 144,949 208,161 supernal, LLC 도심항공기 기체 개발 〃 44.44% 282,348 221,677 Hyundai Capital Bank Euro', '[문서 출처: [현대차]_[2026년도공시]_20260318001394.xml]\n사업보고서 6.3 현대자동차(주) C A Y 110111-0085450 사 업 보 고 서 (제 58 기) | 0        | 1    |\n|:---------|:-----|\n| 사업연도 | 부터 |\n| 사업연도 | 까지 | | 0               | 1               |\n|:----------------|:----------------|\n| 금융위원회      |                 |\n| 한국거래소 귀중 | 2026년 3월 18일 |\n|                 |                 | | 0                   | 1   |\n|:--------------------|:----|\n| 제출대상법인 유형 : |     |\n|                     |     |\n| 면제사유발생 :      |     | | 0                | 1                                     |\n|:-----------------|:-----------------------------------']","API 오류: 413 Client Error: Payload Too Large for url: https://clovastudio.stream.ntruss.com/testapp/v1/chat-completions/HCX-003 | {""status"":{""code"":""41300"",""message"":""Request body size exceeded""},""result"":null}","현대자동차의 종속회사 중 금융업을 영위하는 주요 핵심 계열사로는 자동차 할부금융을 제공하는 현대캐피탈, 신용카드업을 영위하는 현대카드, 그리고 기업 금융을 담당하는 현대커머셜 등이 있습니다.",0.0,0.67802383517351,0.0
SK하이닉스의 최대주주 및 특수관계인의 주식 소유 현황에 따르면 회사의 최대주주는 누구인가요?,"[""[문서 출처: [SK하이닉스]_[2025년도공시]_20250814003049.xml]\n|:----------------------------------------------------------------------|\n| * 의결권 있는 주식은 보통주입니다.                                    |\n| ** 기초는 2025년 1월 1일 기준이며, 기말은 2025년 6월 30일 기준입니다. | 2. 최대주주의 주요 경력 및 개요 가. 최대주주 개요 및 지분율(2025년 6월 30일 기준) 당사의 최대주주는 SK스퀘어 주식회사이며, 그 소유주식수는 146,100,000주(20.07%)로서 특수관계인을 포함하여 146,115,103주(지분율 20.07%)입니다. 나. 최대주주의 기본 정보 (1) 최대주주의 대표자(2025년 6월 30일 기준) | 성명   | 직위          | 상근여부   | 출생년도   |\n|:-------|:--------------|:-----------|:-----------|\n| 한명진 | 대표이사/사장 | 상근       | 1973년     | (2) 최대주주(법인 또는 단체)의 기본정보 | ('명 칭'"", '[문서 출처: [SK하이닉스]_[2025년도공시]_20251114001805.xml]\n| 계                            | 계                            |                                              |                                               |                                               |                                               |                                               |                            | | 0                                                                     |\n|:----------------------------------------------------------------------|\n| * 의결권 있는 주식은 보통주입니다.                                    |\n| ** 기초는 202', '[문서 출처: [SK하이닉스]_[2026년도공시]_20260317000635.xml]\n| 계                            | 계                            |                                              |                                               |                                               |                                               |                                               |                            |\n| 계                            | 계                            |                                              |                                               |                                               |              ']","SK하이닉스의 최대주주 및 특수관계인의 주식 소유 현황에 따르면 회사의 최대주주는 SK스퀘어 주식회사입니다. 

- 소유주식수 : 146,100,000주
- 지분율 : 20.07%",최대주주 및 특수관계인의 주식 소유 현황표에 따르면 SK하이닉스의 최대주주는 SK스퀘어 주식회사입니다.,1.0,0.8779782546430885,0.9999999999
POSCO홀딩스가 2022년 지주회사 체제로 전환하면서 명시한 그룹의 핵심 사업 포트폴리오(7대 핵심 사업)는 무엇인가요?,"['[문서 출처: [POSCO홀딩스]_[2025년도공시]_20250814003981.xml]\n| 6. 분할 후 존속회사                       | 주요사업                                  | 주요사업                                  | 미래사업 포트폴리오 개발, 그룹 사업관리 등', '[문서 출처: [POSCO홀딩스]_[2026년도공시]_20260311004517.xml]\n| 6. 분할 후 존속회사                       | 주요사업                                  | 주요사업                                  | 미래사업 포트폴리오 개발, 그룹 사업관리 등', '[문서 출처: [POSCO홀딩스]_[2025년도공시]_20250814003981.xml]\n| 미래사업 포트폴리오 개발, 그룹 사업관리 등']","해당 공시 자료에서는 POSCO홀딩스가 2022년 지주회사 체제로 전환하면서 명시한 그룹의 핵심 사업 포트폴리오(7대 핵심 사업)에 대한 정보를 제공하지 않습니다. 

다른 도움이 필요하시면 언제든지 말씀해 주세요.","지주회사 체제 전환과 함께 철강, 이차전지소재, 리튬/니켈, 수소, 에너지, 건축/인프라, 식량(Agri-Bio) 사업을 그룹의 7대 핵심 사업으로 선정하여 집중 육성하고 있습니다.",0.0,0.0,0.0
